{
  "Groups": [
    {
      "Name": "Main",
      "DisplayName": "Upgraded Werehog",
      "Elements": [
        {
          "Name": "IncludeDir0",
          "DisplayName": "Style",
          "Description": [
            "Pick your style."
          ],
          "Type": "Style",
          "MinValue": null,
          "MaxValue": null,
          "DefaultValue": "./Styles/Fighter/"
        }
      ]
    }
  ],
  "Enums": {
    "Style": [
      {
        "DisplayName": "Fighter",
        "Value": "./Styles/Fighter/",
        "Description": [
          "Combat Centered Gameplay, Slower, Platforming is Extremely Slippery, But your Jumps are Less Restricted And Unleashed Gauge and Powerups Are Extremely Buffed."
        ]
      },
      {
        "DisplayName": "Jumper",
        "Value": "./Styles/Jumper/",
        "Description": [
          "Platforming Centered Gameplay, More Control and Features More Skips During Gameplay."
        ]
      },
      {
        "DisplayName": "Runner",
        "Value": "./Styles/Runner/",
        "Description": [
          "Speed Centered Gameplay, Less Control in platforming sections."
        ]
      },
      {
        "DisplayName": "Wolf",
        "Value": "./Styles/Wolf/",
        "Description": [
          "Rounded out, More Gentle Approach to What The Fighter/Jumper Was. It is More tame than the other Choices, but it still has some improvements. (Recommended)"
        ]
      },
    ]
  },
    "IniFile": "mod.ini"
  }